Bureau 4/6 postes,25 Rue de Washington 75008 Paris,2000,http://bureauflexible.fr/uploads/office_pictures/img_1519236163.jpg
Bureau 3 postes,105 Boulevard Mac Donald 75019 Paris,877,http://bureauflexible.fr/uploads/office_pictures/img_1519235142.jpg
Bureau privatif 2 postes,105 Boulevard Mac Donald 75019 Paris,585,http://bureauflexible.fr/uploads/office_pictures/img_1519234974.jpg
Bureaux privatifs 1poste,277 rue Saint Honoré 75008 Paris,1000,http://bureauflexible.fr/uploads/office_pictures/img_1519233134.jpg
Bureaux privatifs 1/100 postes,277 rue Saint Honoré 75008 Paris,2000,http://bureauflexible.fr/uploads/office_pictures/img_1519233130.jpg
Bureau privatif 3 postes - Haussmann,91 boulevard Haussmann 75008 Paris,900,http://bureauflexible.fr/uploads/office_pictures/img_1519230561.jpg
Bureau privatif 4 postes - Haussmann,91 boulevard Haussmann 75008 Paris,1200,http://bureauflexible.fr/uploads/office_pictures/img_1519230558.jpg
Mise à disposition 1 bureau,rue Boyer Barret 75014 Paris,450,http://bureauflexible.fr/uploads/office_pictures/img_1519232531.jpg
Bureau privaif 1/300 POSTES - Paris 19 ème,105 Boulevard Mac Donald 75019 Paris,1554,http://bureauflexible.fr/uploads/office_pictures/img_1519232793.jpg
Bureau privaif 6 POSTES - Paris 19 ème,105 Boulevard Mac Donald 75019 Paris,1554,http://bureauflexible.fr/uploads/office_pictures/img_1519230039.jpg
Bureau privatif 5 postes - Paris 8ème Saint Honoré,277 rue Saint Honoré 75008 Paris,4300,http://bureauflexible.fr/uploads/office_pictures/img_1519229728.jpg
Espace de Coworking 1-27 postes - Clichy,12 allées de l'Europe 92110 Clichy,200,http://bureauflexible.fr/uploads/office_pictures/img_1519229193.jpg
Mise à disposition de 6 bureaux fermés,Rue Ernest renan 75015 Paris,2400,http://bureauflexible.fr/uploads/office_pictures/img_1519228946.png
Bureau privatif 3 postes - Paris 8ème Saint Honoré,277 rue Saint Honoré 75008 Paris,2331,http://bureauflexible.fr/uploads/office_pictures/img_1519228977.jpg
Bureau privatif 2 postes - Paris 8ème Saint Honoré,Chemin de la paix,1900,http://bureauflexible.fr/uploads/office_pictures/img_1519228974.jpg
"Espace comprenant 8 postes équipés, en open space indépendant, RER A Etoile",3 rue de l'Arc de Triomphe 75017 Paris,2400,http://bureauflexible.fr/uploads/office_pictures/img_1519220519.jpg
Bureau simple,Bureau 1 75008 Paris,1600,http://bureauflexible.fr/uploads/office_pictures/img_1519141475.jpg
Bureau agréable pour freelance,58 rue Pierre Semard 69600 Oullins,200,http://bureauflexible.fr/uploads/office_pictures/img_1519137983.jpg
Double bureau,Chemin de la paix,2800,http://bureauflexible.fr/uploads/office_pictures/img_1519137147.jpg
bureau ouvert de 18 m2,31 bis rue violet 75015 Paris,200,http://bureauflexible.fr/uploads/office_pictures/img_1519132091.jpeg
CLEMENVILLA,9 RUE DE BUDAPEST 75009 PARIS,450,http://bureauflexible.fr/uploads/office_pictures/img_1518627114.jpg
Bureau Aristide Briand,"129, rue Aristide Briand 92300 Levallois Perret",250,http://bureauflexible.fr/uploads/office_pictures/img_1518543532.jpg
Bureau dans espace de travail ouvert,51 bd des Alpes  38240 Meylan,250,http://bureauflexible.fr/uploads/office_pictures/img_1518470496.jpg
Poste de co-working N°1,35 Rue de grenelle  75007 PARIS,450,http://bureauflexible.fr/uploads/office_pictures/img_1518199102.jpg
Bureau 4/6 postes,25 Rue de Washington 75008 Paris,2000,http://bureauflexible.fr/uploads/office_pictures/img_1519236163.jpg
Bureau 3 postes,105 Boulevard Mac Donald 75019 Paris,877,http://bureauflexible.fr/uploads/office_pictures/img_1519235142.jpg
Bureau privatif 2 postes,105 Boulevard Mac Donald 75019 Paris,585,http://bureauflexible.fr/uploads/office_pictures/img_1519234974.jpg
Bureaux privatifs 1poste,277 rue Saint Honoré 75008 Paris,1000,http://bureauflexible.fr/uploads/office_pictures/img_1519233134.jpg
Bureaux privatifs 1/100 postes,277 rue Saint Honoré 75008 Paris,2000,http://bureauflexible.fr/uploads/office_pictures/img_1519233130.jpg
Bureau privatif 3 postes - Haussmann,91 boulevard Haussmann 75008 Paris,900,http://bureauflexible.fr/uploads/office_pictures/img_1519230561.jpg
Bureau privatif 4 postes - Haussmann,91 boulevard Haussmann 75008 Paris,1200,http://bureauflexible.fr/uploads/office_pictures/img_1519230558.jpg
Mise à disposition 1 bureau,rue Boyer Barret 75014 Paris,450,http://bureauflexible.fr/uploads/office_pictures/img_1519232531.jpg
Bureau privaif 1/300 POSTES - Paris 19 ème,105 Boulevard Mac Donald 75019 Paris,1554,http://bureauflexible.fr/uploads/office_pictures/img_1519232793.jpg
Bureau privaif 6 POSTES - Paris 19 ème,105 Boulevard Mac Donald 75019 Paris,1554,http://bureauflexible.fr/uploads/office_pictures/img_1519230039.jpg
Bureau privatif 5 postes - Paris 8ème Saint Honoré,277 rue Saint Honoré 75008 Paris,4300,http://bureauflexible.fr/uploads/office_pictures/img_1519229728.jpg
Espace de Coworking 1-27 postes - Clichy,12 allées de l'Europe 92110 Clichy,200,http://bureauflexible.fr/uploads/office_pictures/img_1519229193.jpg
Mise à disposition de 6 bureaux fermés,Rue Ernest renan 75015 Paris,2400,http://bureauflexible.fr/uploads/office_pictures/img_1519228946.png
Bureau privatif 3 postes - Paris 8ème Saint Honoré,277 rue Saint Honoré 75008 Paris,2331,http://bureauflexible.fr/uploads/office_pictures/img_1519228977.jpg
Bureau privatif 2 postes - Paris 8ème Saint Honoré,Chemin de la paix,1900,http://bureauflexible.fr/uploads/office_pictures/img_1519228974.jpg
"Espace comprenant 8 postes équipés, en open space indépendant, RER A Etoile",3 rue de l'Arc de Triomphe 75017 Paris,2400,http://bureauflexible.fr/uploads/office_pictures/img_1519220519.jpg
Bureau simple,Bureau 1 75008 Paris,1600,http://bureauflexible.fr/uploads/office_pictures/img_1519141475.jpg
Bureau agréable pour freelance,58 rue Pierre Semard 69600 Oullins,200,http://bureauflexible.fr/uploads/office_pictures/img_1519137983.jpg
Double bureau,Chemin de la paix,2800,http://bureauflexible.fr/uploads/office_pictures/img_1519137147.jpg
bureau ouvert de 18 m2,31 bis rue violet 75015 Paris,200,http://bureauflexible.fr/uploads/office_pictures/img_1519132091.jpeg
CLEMENVILLA,9 RUE DE BUDAPEST 75009 PARIS,450,http://bureauflexible.fr/uploads/office_pictures/img_1518627114.jpg
Bureau Aristide Briand,"129, rue Aristide Briand 92300 Levallois Perret",250,http://bureauflexible.fr/uploads/office_pictures/img_1518543532.jpg
Bureau dans espace de travail ouvert,51 bd des Alpes  38240 Meylan,250,http://bureauflexible.fr/uploads/office_pictures/img_1518470496.jpg
Poste de co-working N°1,35 Rue de grenelle  75007 PARIS,450,http://bureauflexible.fr/uploads/office_pictures/img_1518199102.jpg
Bureau 4/6 postes,25 Rue de Washington 75008 Paris,2000,http://bureauflexible.fr/uploads/office_pictures/img_1519236163.jpg
Bureau 3 postes,105 Boulevard Mac Donald 75019 Paris,877,http://bureauflexible.fr/uploads/office_pictures/img_1519235142.jpg
Bureau privatif 2 postes,105 Boulevard Mac Donald 75019 Paris,585,http://bureauflexible.fr/uploads/office_pictures/img_1519234974.jpg
Bureaux privatifs 1poste,277 rue Saint Honoré 75008 Paris,1000,http://bureauflexible.fr/uploads/office_pictures/img_1519233134.jpg
Bureaux privatifs 1/100 postes,277 rue Saint Honoré 75008 Paris,2000,http://bureauflexible.fr/uploads/office_pictures/img_1519233130.jpg
Bureau privatif 3 postes - Haussmann,91 boulevard Haussmann 75008 Paris,900,http://bureauflexible.fr/uploads/office_pictures/img_1519230561.jpg
Bureau privatif 4 postes - Haussmann,91 boulevard Haussmann 75008 Paris,1200,http://bureauflexible.fr/uploads/office_pictures/img_1519230558.jpg
Mise à disposition 1 bureau,rue Boyer Barret 75014 Paris,450,http://bureauflexible.fr/uploads/office_pictures/img_1519232531.jpg
Bureau privaif 1/300 POSTES - Paris 19 ème,105 Boulevard Mac Donald 75019 Paris,1554,http://bureauflexible.fr/uploads/office_pictures/img_1519232793.jpg
Bureau privaif 6 POSTES - Paris 19 ème,105 Boulevard Mac Donald 75019 Paris,1554,http://bureauflexible.fr/uploads/office_pictures/img_1519230039.jpg
Bureau privatif 5 postes - Paris 8ème Saint Honoré,277 rue Saint Honoré 75008 Paris,4300,http://bureauflexible.fr/uploads/office_pictures/img_1519229728.jpg
Espace de Coworking 1-27 postes - Clichy,12 allées de l'Europe 92110 Clichy,200,http://bureauflexible.fr/uploads/office_pictures/img_1519229193.jpg
Mise à disposition de 6 bureaux fermés,Rue Ernest renan 75015 Paris,2400,http://bureauflexible.fr/uploads/office_pictures/img_1519228946.png
Bureau privatif 3 postes - Paris 8ème Saint Honoré,277 rue Saint Honoré 75008 Paris,2331,http://bureauflexible.fr/uploads/office_pictures/img_1519228977.jpg
Bureau privatif 2 postes - Paris 8ème Saint Honoré,Chemin de la paix,1900,http://bureauflexible.fr/uploads/office_pictures/img_1519228974.jpg
"Espace comprenant 8 postes équipés, en open space indépendant, RER A Etoile",3 rue de l'Arc de Triomphe 75017 Paris,2400,http://bureauflexible.fr/uploads/office_pictures/img_1519220519.jpg
Bureau simple,Bureau 1 75008 Paris,1600,http://bureauflexible.fr/uploads/office_pictures/img_1519141475.jpg
Bureau agréable pour freelance,58 rue Pierre Semard 69600 Oullins,200,http://bureauflexible.fr/uploads/office_pictures/img_1519137983.jpg
Double bureau,Chemin de la paix,2800,http://bureauflexible.fr/uploads/office_pictures/img_1519137147.jpg
bureau ouvert de 18 m2,31 bis rue violet 75015 Paris,200,http://bureauflexible.fr/uploads/office_pictures/img_1519132091.jpeg
CLEMENVILLA,9 RUE DE BUDAPEST 75009 PARIS,450,http://bureauflexible.fr/uploads/office_pictures/img_1518627114.jpg
Bureau Aristide Briand,"129, rue Aristide Briand 92300 Levallois Perret",250,http://bureauflexible.fr/uploads/office_pictures/img_1518543532.jpg
Bureau dans espace de travail ouvert,51 bd des Alpes  38240 Meylan,250,http://bureauflexible.fr/uploads/office_pictures/img_1518470496.jpg
Poste de co-working N°1,35 Rue de grenelle  75007 PARIS,450,http://bureauflexible.fr/uploads/office_pictures/img_1518199102.jpg
